State,Member Full,Last Name,First Name,Party,District Office Address Line 1,District Address Line 2,District Address Line 3,District Tel #,DC Office Address,DC Tel #,Email,Website,Class,bioguide_id,Photo
AK,Murkowski (R-AK),Murkowski,Lisa,R,510 L Street,Suite 600,"Anchorage, AK 99501",(907) 271-3735,709 Hart Senate Office Building,(202) 224-6665,https://www.murkowski.senate.gov/public/index.cfm/contact,http://www.murkowski.senate.gov/,Class III,M001153,Murkowski(1)color.jpg (https://dl.airtable.com/G9NuejrcTeiIWxYKvqGw_Murkowski(1)color.jpg)
AK,Sullivan (R-AK),Sullivan,Daniel,R,510 L Street,Suite 750,"Anchorage, AK 99501",(907) 271-5915,702 Hart Senate Office Building,(202) 224-3004,https://www.sullivan.senate.gov/contact/email,http://www.sullivan.senate.gov,Class II,S001198,AK_Sullivan.jpg (https://dl.airtable.com/8mr7KSdIQqWAnMB9tzM5_AK_Sullivan.jpg)
AL,Sessions (R-AL),Sessions,Jeff,R,1800 5th Avenue North,341 Vance Federal Building,"Birmingham, AL 35203",(205) 731-1500,326 Russell Senate Office Building,(202) 224-4124,http://www.sessions.senate.gov/public/index.cfm/contact-jeff,http://www.sessions.senate.gov/,Class II,S001141,AL_Sessions.jpg (https://dl.airtable.com/1b5ebLonQ8mOqgYQzm3y_AL_Sessions.jpg)
AL,Shelby (R-AL),Shelby,Richard C.,R,1800 5th Avenue North,321 Federal Building,"Birmingham, AL 35203",(205) 731-1384,304 Russell Senate Office Building,(202) 224-5744,https://www.shelby.senate.gov/public/index.cfm/emailsenatorshelby,http://www.shelby.senate.gov/,Class III,S000320,AL_Shelby.jpg (https://dl.airtable.com/VwEqRka6TaB0q3aMsYnC_AL_Shelby.jpg)
AR,Boozman (R-AR),Boozman,John,R,1401 W. Capitol Ave.,Suite 155,"Little Rock, AR 72201",(501) 372-7153,141 Hart Senate Office Building,(202) 224-4843,https://www.boozman.senate.gov/public/index.cfm/contact,http://www.boozman.senate.gov/,Class III,B001236,AR_Boozman.jpg (https://dl.airtable.com/i47sCj8FTfCfZYgTfDmV_AR_Boozman.jpg)
AR,Cotton (R-AR),Cotton,Tom,R,1108 South Old Missouri Road,Suite B,"Springdale, AR 72764",(479) 751-0879,124 Russell Senate Office Building,(202) 224-2353,http://www.cotton.senate.gov/?p=contact,http://www.cotton.senate.gov,Class II,C001095,AR_Cotton.jpg (https://dl.airtable.com/7xHEgOpCTzalR93yJmCh_AR_Cotton.jpg)
AZ,Flake (R-AZ),Flake,Jeff,R,2200 East Camelback Road,Suite 120,"Phoenix, AZ 85016",(602) 840-1891,413 Russell Senate Office Building,(202) 224-4521,https://www.flake.senate.gov/public/index.cfm/contact-jeff,http://www.flake.senate.gov,Class I,F000444,AZ_Flake.jpg (https://dl.airtable.com/ahaTPDypSeiLD3AR0Vqc_AZ_Flake.jpg)
AZ,McCain (R-AZ),McCain,John,R,2201 East Camelback Road,Suite 115,"Phoenix, AZ 85016",(602) 952-2410,218 Russell Senate Office Building,(202) 224-2235,https://www.mccain.senate.gov/public/index.cfm/contact-form,http://www.mccain.senate.gov/,Class III,M000303,AZ_McCain.jpg (https://dl.airtable.com/sZoGFngbTmuY8sq0Or3g_AZ_McCain.jpg)
CA,Feinstein (D-CA),Feinstein,Dianne,D,One Post Street,Suite 2450,"San Francisco, CA 94104",(415) 393-0707,331 Hart Senate Office Building,(202) 224-3841,https://www.feinstein.senate.gov/public/index.cfm/e-mail-me,http://www.feinstein.senate.gov,Class I,F000062,CA_Feinstein.jpg (https://dl.airtable.com/biqdsvZ9RIm7GRrsYdpk_CA_Feinstein.jpg)
CO,Bennet (D-CO),Bennet,Michael F.,D,1127 Sherman St.,Suite 150,"Denver, CO 80203",(303) 455-7600,261 Russell Senate Office Building,(202) 224-5852,https://www.bennet.senate.gov/?p=contact,http://www.bennet.senate.gov,Class III,B001267,CO_Bennet.jpg (https://dl.airtable.com/hUPc17QVT9Kh0Ohpp49b_CO_Bennet.jpg)
CO,Gardner (R-CO),Gardner,Cory,R,503 N. Main St.,Ste. 426,"Pueblo, CO 81003",(719) 543-1324,354 Russell Senate Office Building,(202) 224-5941,https://www.gardner.senate.gov/contact-cory/email-cory,http://www.gardner.senate.gov,Class II,G000562,CO_Gardner.jpg (https://dl.airtable.com/PHxQnQM8QGmQD69P0S87_CO_Gardner.jpg)
CT,Blumenthal (D-CT),Blumenthal,Richard,D,90 State House Square,10th Floor,"Hartford, CT, 06103",(860) 258-6940,706 Hart Senate Office Building,(202) 224-2823,https://www.blumenthal.senate.gov/contact/,http://www.blumenthal.senate.gov,Class III,B001277,CT_Blumenthal.jpg (https://dl.airtable.com/H1iZlUSAQByZH81mIRpn_CT_Blumenthal.jpg)
CT,Murphy (D-CT),Murphy,Christopher,D,"Colt Gateway, 120 Huyshope Avenue",Suite 401,"Hartford, CT 06106",(860) 549-8463,136 Hart Senate Office Building,(202) 224-4041,http://www.murphy.senate.gov/contact,http://www.murphy.senate.gov/,Class I,M001169,CT_Murphy.jpg (https://dl.airtable.com/yxyyh2dFSZq0nogxhT6P_CT_Murphy.jpg)
DE,Carper (D-DE),Carper,Thomas R.,D,301 North Walnut Street,Suite 102L-1,"Wilmington, DE 19801-3974",(302) 573-6291,513 Hart Senate Office Building,(202) 224-2441,http://www.carper.senate.gov/public/index.cfm/email-senator-carper,http://www.carper.senate.gov,Class I,C000174,DE_Carper.jpg (https://dl.airtable.com/BemElVjTr9te9UUQECEA_DE_Carper.jpg)
DE,Coons (D-DE),Coons,Christopher A.,D,1105 N. Market St.,Suite 100,"Wilmington, DE 19801-1233",(302) 573-6345\,127A Russell Senate Office Building,(202) 224-5042,https://www.coons.senate.gov/contact,http://www.coons.senate.gov/,Class II,C001088,DE_Coons.png (https://dl.airtable.com/TgP3jDFjQiSNvmbWW7yX_DE_Coons.png)
FL,Nelson (D-FL),Nelson,Bill,D,3416 South University Drive,"Fort Lauderdale, FL 33328",,(954) 693-4851,716 Hart Senate Office Building,(202) 224-5274,https://www.billnelson.senate.gov/contact-bill,http://www.billnelson.senate.gov/,Class I,N000032,FL_Nelson.jpg (https://dl.airtable.com/HozcFUMnR8S7lPoSemXM_FL_Nelson.jpg)
FL,Rubio (R-FL),Rubio,Marco,R,201 South Orange Avenue,Suite 350,"Orlando, FL 32801",(407) 254-2573,284 Russell Senate Office Building,(202) 224-3041,http://www.rubio.senate.gov/public/index.cfm/contact,http://www.rubio.senate.gov,Class III,R000595,FL_Rubio.jpg (https://dl.airtable.com/mGXl7NJVS7SYj0ENRrrf_FL_Rubio.jpg)
GA,Isakson (R-GA),Isakson,Johnny,R,"One Overton Park, 3625 Cumberland Blvd",Suite 970,"Atlanta, GA 30339",(770) 661-0999,131 Russell Senate Office Building,(202) 224-3643,https://www.isakson.senate.gov/public/index.cfm/email-me,http://www.isakson.senate.gov,Class III,I000055,GA_Isakson.jpg (https://dl.airtable.com/vIAd7oJzRGy5XfBHnGvU_GA_Isakson.jpg)
GA,Perdue (R-GA),Perdue,David,R,191 Peachtree Street NE,Suite 3250,"Atlanta, GA 30303",(404) 865-0087,383 Russell Senate Office Building,(202) 224-3521,https://www.perdue.senate.gov/connect/email,http://www.perdue.senate.gov,Class II,P000612,GA_Perdue.jpg (https://dl.airtable.com/nDsEi0vzRCerBAqn5grJ_GA_Perdue.jpg)
HI,Hirono (D-HI),Hirono,Mazie K.,D,300 Ala Moana Blvd.,Rm. 3-106,"Honolulu, HI 96850",(808) 522-8970,330 Hart Senate Office Building,(202) 224-6361,https://www.hirono.senate.gov/contact,http://www.hirono.senate.gov/,Class I,H001042,HI_Hirono.jpg (https://dl.airtable.com/J9ybaTraQP6wY3QOBNH8_HI_Hirono.jpg)
HI,Schatz (D-HI),Schatz,Brian,D,300 Ala Moana Blvd.,Rm 7-212,"Honolulu, HI 96850",(808) 523-2061,722 Hart Senate Office Building,(202) 224-3934,https://www.schatz.senate.gov/contact,http://www.schatz.senate.gov,Class III,S001194,HI_Schatz.jpg (https://dl.airtable.com/6Uw5fiiRj6GmNRnVVKpg_HI_Schatz.jpg)
IA,Ernst (R-IA),Ernst,Joni,R,733 Federal Building,210 Walnut Street,"Des Moines, IA 50309",(515) 284-4574,111 Russell Senate Office Building,(202) 224-3254,https://www.ernst.senate.gov/public/index.cfm/contact,http://www.ernst.senate.gov,Class II,E000295,IA_Ernst.jpg (https://dl.airtable.com/4CCTcf2ZQmOAyKlwd4VH_IA_Ernst.jpg)
IA,Grassley (R-IA),Grassley,Chuck,R,"111 7th Avenue SE, Box 13",Suite 6800,"Cedar Rapids, IA 52401",(319) 363-6832,135 Hart Senate Office Building,(202) 224-3744,http://www.grassley.senate.gov/contact,http://www.grassley.senate.gov,Class III,G000386,IA_Grassley.jpg (https://dl.airtable.com/kdv0utSUyP4GDH96PMxA_IA_Grassley.jpg)
ID,Crapo (R-ID),Crapo,Mike,R,251 East Front Street,Suite 205,"Boise, ID 83702",(208) 334-1776,239 Dirksen Senate Office Building,(202) 224-6142,http://www.crapo.senate.gov/contact/email.cfm,http://www.crapo.senate.gov,Class III,C000880,ID_Crapo.jpg (https://dl.airtable.com/1s0HSG2RzmOxnL2Uo5jA_ID_Crapo.jpg)
ID,Risch (R-ID),Risch,James E.,R,350 N. 9th St.,Suite 302,"Boise, Idaho 83702",(208) 342-7985,483 Russell Senate Office Building,(202) 224-2752,http://www.risch.senate.gov/public/index.cfm?p=Email,http://www.risch.senate.gov,Class II,R000584,ID_Risch.jpg (https://dl.airtable.com/jn2Sqv5rQ0CJAqacQ051_ID_Risch.jpg)
IL,Durbin (D-IL),Durbin,Richard J.,D,230 S. Dearborn Street,Suite 3892,"Chicago, IL 60604",(312) 353-4952,711 Hart Senate Office Building,(202) 224-2152,https://www.durbin.senate.gov/contact/,http://www.durbin.senate.gov,Class II,D000563,IL_Durbin.jpg (https://dl.airtable.com/j5OS4uCDR3OOLD86n1R2_IL_Durbin.jpg)
IN,Donnelly (D-IN),Donnelly,Joe,D,123 NW 4th Street,Suite 417,"Evansville, IN 47708",(812) 425-5813,720 Hart Senate Office Building,(202) 224-4814,https://www.donnelly.senate.gov/contact/email-joe,http://www.donnelly.senate.gov,Class I,D000607,IN_Donnelly.jpg (https://dl.airtable.com/cojooZiYQSuAYoPUhs0N_IN_Donnelly.jpg)
KS,Moran (R-KS),Moran,Jerry,R,"1200 Main St., Suite 402",P.O. Box 249,"Hays, KS 67601",(785) 628-6401,521 Dirksen Senate Office Building,(202) 224-6521,https://www.moran.senate.gov/public/index.cfm/e-mail-jerry,http://www.moran.senate.gov,Class III,M000934,KS_Moran.jpg (https://dl.airtable.com/IBw7gUxSJaQKguO91QwP_KS_Moran.jpg)
KS,Roberts (R-KS),Roberts,Pat,R,11900 College Boulevard,Suite 203,"Overland Park, KS 66210",(913) 451-9343,109 Hart Senate Office Building,(202) 224-4774,https://www.roberts.senate.gov/public/?p=EmailPat,http://www.roberts.senate.gov/,Class II,R000307,KS_Roberts.jpg (https://dl.airtable.com/QnVXgQT1TbyGFEKM8eBB_KS_Roberts.jpg)
KY,McConnell (R-KY),McConnell,Mitch,R,601 W. Broadway,Room 630,"Louisville, KY 40202",(502) 582-6304,317 Russell Senate Office Building,(202) 224-2541,http://www.mcconnell.senate.gov/public/index.cfm?p=contact,http://www.mcconnell.senate.gov/,Class II,M000355,KY_McConnell.jpg (https://dl.airtable.com/7EvsiYs2RdGn1Ycwv28G_KY_McConnell.jpg)
KY,Paul (R-KY),Paul,Rand,R,1029 State Street,"Bowling Green, KY 42101",,(270) 782-8303,167 Russell Senate Office Building,(202) 224-4343,https://www.paul.senate.gov/connect/email-rand,http://www.paul.senate.gov,Class III,P000603,KY_Paul.jpg (https://dl.airtable.com/1LychajrSWiPzBMzROd8_KY_Paul.jpg)
LA,Cassidy (R-LA),Cassidy,Bill,R,3600 Jackson Street,Ste. 115A,"Alexandria, LA 71303",(318) 448-7176,703 Hart Senate Office Building,(202) 224-5824,https://www.cassidy.senate.gov/contact,http://www.cassidy.senate.gov,Class II,C001075,LA_Cassidy.jpg (https://dl.airtable.com/L7TWYvkpQnmhGbYAqhbm_LA_Cassidy.jpg)
MA,Markey (D-MA),Markey,Edward J.,D,975 JFK Federal Building,15 New Sudbury Street,"Boston, MA 02203",(617) 565-8519,255 Dirksen Senate Office Building,(202) 224-2742,https://www.markey.senate.gov/contact,http://www.markey.senate.gov/,Class II,M000133,MA_Markey.jpg (https://dl.airtable.com/AefdvzmmTqy6gX7FnPG6_MA_Markey.jpg)
MA,Warren (D-MA),Warren,Elizabeth,D,2400 JFK Federal Building,15 New Sudbury Street,"Boston, MA 02203",(617) 565-3170,317 Hart Senate Office Building,(202) 224-4543,https://www.warren.senate.gov/?p=email_senator,http://www.warren.senate.gov,Class I,W000817,MA_Warren.jpg (https://dl.airtable.com/NnYIlGVT0yIS8pRzQmwP_MA_Warren.jpg)
MD,Cardin (D-MD),Cardin,Benjamin L.,D,100 South Charles Street,"Tower 1, Suite 1710","Baltimore, MD, 21201",(410) 962-4436,509 Hart Senate Office Building,(202) 224-4524,http://www.cardin.senate.gov/contact/,http://www.cardin.senate.gov/,Class I,C000141,MD_Cardin.jpg (https://dl.airtable.com/2Lo6rXGeRdinx1pm63pE_MD_Cardin.jpg)
ME,Collins (R-ME),Collins,Susan M.,R,68 Sewall Street,Room 507,"Augusta, ME 04330",(207) 622-8414,413 Dirksen Senate Office Building,(202) 224-2523,http://www.collins.senate.gov/contact,http://www.collins.senate.gov,Class II,C001035,ME_Collins.jpg (https://dl.airtable.com/q8iJwSDR9iWKE3zxXk29_ME_Collins.jpg)
ME,King (I-ME),King,"Angus S., Jr.",I,4 Gabriel Drive,Suite 3,"Augusta, ME 04330",(207) 622-8292,133 Hart Senate Office Building,(202) 224-5344,https://www.king.senate.gov/contact,http://www.king.senate.gov/,Class I,K000383,ME_King.png (https://dl.airtable.com/gjw7sUXQCSt2Qk4v8CJK_ME_King.png)
MI,Peters (D-MI),Peters,Gary C.,D,"Patrick V. McNamara Federal Building, 477 Michigan Avenue",Suite 1860,"Detroit, MI 48226",(313) 226-6020,724 Hart Senate Office Building,(202) 224-6221,https://www.peters.senate.gov/contact/email-gary,http://www.peters.senate.gov,Class II,P000595,MI_Peters.jpg (https://dl.airtable.com/ix0xoYnSEqVAw2chqN0Q_MI_Peters.jpg)
MI,Stabenow (D-MI),Stabenow,Debbie,D,221 W. Lake Lansing Road,Suite 100,"East Lansing, MI 48823",(517) 203-1760,731 Hart Senate Office Building,(202) 224-4822,http://www.stabenow.senate.gov/?p=contact,http://www.stabenow.senate.gov/,Class I,S000770,MI_Stabenow.jpg (https://dl.airtable.com/hi8xamKySRmpTFVAi888_MI_Stabenow.jpg)
MN,Franken (D-MN),Franken,Al,D,515 W 1st St,Suite 104,"Duluth, MN 55802",(218) 722-2390,309 Hart Senate Office Building,(202) 224-5641,https://www.franken.senate.gov/?p=contact,http://www.franken.senate.gov,Class II,F000457,MN_Franken.jpeg (https://dl.airtable.com/50gOM5GtSVeCscMlA5BF_MN_Franken.jpeg)
MN,Klobuchar (D-MN),Klobuchar,Amy,D,1200 Washington Avenue South,Room 250,"Minneapolis, MN 55415",(612) 727-5220,302 Hart Senate Office Building,(202) 224-3244,http://www.klobuchar.senate.gov/public/contact-amy,http://www.klobuchar.senate.gov/,Class I,K000367,MN_Klobuchar.jpg (https://dl.airtable.com/GvJfmKqS6oWLSAsD1jBw_MN_Klobuchar.jpg)
MO,Blunt (R-MO),Blunt,Roy,R,2740 B East Sunshine,"Springfield, MO 65804",,(417) 877-7814,260 Russell Senate Office Building,(202) 224-5721,https://www.blunt.senate.gov/public/index.cfm/contact-roy,http://www.blunt.senate.gov,Class III,B000575,MO_Blunt.jpg (https://dl.airtable.com/S2WPueJcQF2IP7iztdjk_MO_Blunt.jpg)
MO,McCaskill (D-MO),McCaskill,Claire,D,555 Independence St.,Room 1600,"Cape Girardeau, MO 63703",(573) 651-0964,730 Hart Senate Office Building,(202) 224-6154,http://www.mccaskill.senate.gov/contact,http://www.mccaskill.senate.gov/,Class I,M001170,MO_McCaskill.jpg (https://dl.airtable.com/RS3MWArBQxmZGB8MX83u_MO_McCaskill.jpg)
MS,Cochran (R-MS),Cochran,Thad,R,190 East Capitol St.,Suite 550,"Jackson, Mississippi 39201",(601) 965-4459,113 Dirksen Senate Office Building,(202) 224-5054,https://www.cochran.senate.gov/public/index.cfm/email-me,http://www.cochran.senate.gov,Class II,C000567,MS_Cochran.jpg (https://dl.airtable.com/PAYeFtfdRlCb4BduxFzr_MS_Cochran.jpg)
MS,Wicker (R-MS),Wicker,Roger F.,R,2909 13th Street,"3rd Floor, Suite 303","Gulfport, MS 39501",(228) 871-7017,555 Dirksen Senate Office Building,(202) 224-6253,https://www.wicker.senate.gov/public/index.cfm/contact,http://www.wicker.senate.gov,Class I,W000437,MS_Wicker.jpg (https://dl.airtable.com/9mKD0T4GRXmRX7HZmO9a_MS_Wicker.jpg)
MT,Daines (R-MT),Daines,Steve,R,222 N. 32nd Street,Ste. 100,"Billings, MT 59101",(406) 245-6822,320 Hart Senate Office Building,(202) 224-2651,https://www.daines.senate.gov/connect/email-steve,http://www.daines.senate.gov,Class II,D000618,MT_Daines.jpg (https://dl.airtable.com/hTwHCVjHSvuiFGtfitBy_MT_Daines.jpg)
MT,Tester (D-MT),Tester,Jon,D,"Judge Jameson Federal Building, 2900 4th Ave N",Suite 201,"Billings, MT 59101",(406) 252-0550,311 Hart Senate Office Building,(202) 224-2644,https://www.tester.senate.gov/?p=email_senator,http://www.tester.senate.gov/,Class I,T000464,MT_Tester.jpg (https://dl.airtable.com/NjcCiJJWRpulxKMbt0XC_MT_Tester.jpg)
NC,Burr (R-NC),Burr,Richard,R,2000 West First Street,Suite 508,"Winston-Salem, NC 27104",(336) 631-5125,217 Russell Senate Office Building,(202) 224-3154,https://www.burr.senate.gov/contact/email,http://www.burr.senate.gov,Class III,B001135,NC_Burr.jpg (https://dl.airtable.com/MNIIORXvRjWq8yT5rpCi_NC_Burr.jpg)
NC,Tillis (R-NC),Tillis,Thom,R,9300 Harris Corners Pkwy,Suite 170,"Charlotte, NC 28269",(704) 509-9087,185 Dirksen Senate Office Building,(202) 224-6342,https://www.tillis.senate.gov/public/index.cfm/email-me,http://www.tillis.senate.gov,Class II,T000476,NC_Tillis.jpg (https://dl.airtable.com/x2UDrmNQTYyJh90kbhYZ_NC_Tillis.jpg)
ND,Heitkamp (D-ND),Heitkamp,Heidi,D,228 Federal Building,220 East Rosser Avenue,"Bismarck, ND 58501",(701) 258-4648,110 Hart Senate Office Building,(202) 224-2043,http://www.heitkamp.senate.gov/public/index.cfm/contact,http://www.heitkamp.senate.gov/,Class I,H001069,ND_Heitkamp.jpg (https://dl.airtable.com/h2Ie1DUsQQW0erORxMew_ND_Heitkamp.jpg)
ND,Hoeven (R-ND),Hoeven,John,R,"U.S. Federal Building, 220 East Rosser Ave.",Room 312,"Bismarck, ND 58501",(701) 250-4618,338 Russell Senate Office Building,(202) 224-2551,http://www.hoeven.senate.gov/public/index.cfm/email-the-senator,http://www.hoeven.senate.gov,Class III,H001061,ND_Hoeven.jpg (https://dl.airtable.com/XH0K8PWuQJqMqaujfE1i_ND_Hoeven.jpg)
NE,Fischer (R-NE),Fischer,Deb,R,440 North 8th Street,Suite 120,"Lincoln, Nebraska 68508",(402) 441-4600,454 Russell Senate Office Building,(202) 224-6551,http://www.fischer.senate.gov/public/index.cfm/contact,http://www.fischer.senate.gov,Class I,F000463,NE_Fischer.jpg (https://dl.airtable.com/Gzd77HxQQa2iZmLG6wWW_NE_Fischer.jpg)
NE,Sasse (R-NE),Sasse,Ben,R,1128 Lincoln Mall,Suite 305,"Lincoln, NE 68508",(402) 476-1400,386A Russell Senate Office Building,(202) 224-4224,http://www.sasse.senate.gov/public/index.cfm/email-ben,http://www.sasse.senate.gov,Class II,S001197,NE_Sasse.jpg (https://dl.airtable.com/PsD1FQAR2SXzocgjv1qA_NE_Sasse.jpg)
NH,Shaheen (D-NH),Shaheen,Jeanne,D,2 Wall Street,Suite 220,"Manchester, NH 03101",(603) 647-7500,506 Hart Senate Office Building,(202) 224-2841,http://www.shaheen.senate.gov/contact/,http://www.shaheen.senate.gov,Class II,S001181,NH_Shaheen.jpg (https://dl.airtable.com/jGztH8ibQa61I4EOg4Zq_NH_Shaheen.jpg)
NJ,Booker (D-NJ),Booker,Cory A.,D,"One Port Center, 2 Riverside Drive",Suite 505,"Camden, NJ 08101",(856) 338-8922,359 Dirksen Senate Office Building,(202) 224-3224,https://www.booker.senate.gov/?p=contact,http://www.booker.senate.gov,Class II,B001288,NJ_Booker.jpg (https://dl.airtable.com/7BcJcPU0RUOythJJYXPy_NJ_Booker.jpg)
NJ,Menendez (D-NJ),Menendez,Robert,D,One Gateway Center,Suite 1100,"Newark, New Jersey 07102",(973) 645-3030,528 Hart Senate Office Building,(202) 224-4744,https://www.menendez.senate.gov/contact,http://www.menendez.senate.gov/,Class I,M000639,NJ_Menendez.jpg (https://dl.airtable.com/wpc9aYspT1WlDu5yYMga_NJ_Menendez.jpg)
NM,Heinrich (D-NM),Heinrich,Martin,D,400 Gold Avenue SW,Ste. 1080,"Albuquerque, New Mexico 87102",(505) 346-6601,303 Hart Senate Office Building,(202) 224-5521,http://www.heinrich.senate.gov/contact,http://www.heinrich.senate.gov/,Class I,H001046,NM_Heinrich.jpg (https://dl.airtable.com/VOLB1C8Qj6vh61RA0OJg_NM_Heinrich.jpg)
NM,Udall (D-NM),Udall,Tom,D,400 Gold Ave. SW,Suite 300,"Albuquerque, NM 87102",(505) 346-6791,531 Hart Senate Office Building,(202) 224-6621,https://www.tomudall.senate.gov/?p=contact,http://www.tomudall.senate.gov,Class II,U000039,NM_Tomudall.jpg (https://dl.airtable.com/BSfCei69TIeitSJBIq1h_NM_Tomudall.jpg)
NV,Heller (R-NV),Heller,Dean,R,8930 West Sunset Road,Suite 230,"Las Vegas, NV 89148",(702) 388-6605,324 Hart Senate Office Building,(202) 224-6244,http://www.heller.senate.gov/public/index.cfm/contact-form,http://www.heller.senate.gov/,Class I,H001041,NV_Heller.jpeg (https://dl.airtable.com/5lrP9mQiSg2p0lwLMzMT_NV_Heller.jpeg)
NY,Gillibrand (D-NY),Gillibrand,Kirsten E.,D,"Leo W. O’Brien Federal Office Building, 11A Clinton Avenue",Room 821,"Albany, NY 12207",(518) 431-0120,478 Russell Senate Office Building,(202) 224-4451,http://www.gillibrand.senate.gov/contact/,http://www.gillibrand.senate.gov,Class I,G000555,NY_Gillibrand.jpg (https://dl.airtable.com/91iwh9e9QMuXfmU8mpPM_NY_Gillibrand.jpg)
NY,Schumer (D-NY),Schumer,Charles E.,D,Leo O'Brien Building,Room 420,"Albany, NY 12207",(518) 431-4070,322 Hart Senate Office Building,(202) 224-6542,https://www.schumer.senate.gov/contact/email-chuck,http://www.schumer.senate.gov/,Class III,S000148,NY_Schumer.jpg (https://dl.airtable.com/euFYTcriQ3GavJsohg6U_NY_Schumer.jpg)
OH,Brown (D-OH),Brown,Sherrod,D,801 West Superior Ave.,Suite 1400,"Cleveland, OH 44113",(216) 522-7272,713 Hart Senate Office Building,(202) 224-2315,http://www.brown.senate.gov/contact/,http://www.brown.senate.gov/,Class I,B000944,OH_Brown.jpeg (https://dl.airtable.com/qxvAJFGSGyGJ6Cb5AbZA_OH_Brown.jpeg)
OH,Portman (R-OH),Portman,Rob,R,37 West Broad Street,Room 300,"Columbus, OH 43215",(614) 469-6774,448 Russell Senate Office Building,(202) 224-3353,https://www.portman.senate.gov/public/index.cfm/contact?p=contact-form,http://www.portman.senate.gov,Class III,P000449,OH_Portman.jpg (https://dl.airtable.com/CDtSxPaRSEqBCYzUBJRH_OH_Portman.jpg)
OK,Inhofe (R-OK),Inhofe,James M.,R,1924 S. Utica Avenue,Suite 530,"Tulsa, OK 74104-6511",(918) 748-5111,205 Russell Senate Office Building,(202) 224-4721,https://www.inhofe.senate.gov/contact,http://www.inhofe.senate.gov/,Class II,I000024,OK_Inhofe.jpeg (https://dl.airtable.com/hV4h0NrNTGmHdFx9J5nh_OK_Inhofe.jpeg)
OK,Lankford (R-OK),Lankford,James,R,1015 North Broadway Avenue,Suite 310,"Oklahoma City, OK 73102",(405) 231-4941,316 Hart Senate Office Building,(202) 224-5754,http://www.lankford.senate.gov/contact/email,http://www.lankford.senate.gov,Class III,L000575,OK_Lankford.jpg (https://dl.airtable.com/88R7KGqRWqixUEzPsi16_OK_Lankford.jpg)
OR,Merkley (D-OR),Merkley,Jeff,D,121 SW Salmon Street,Ste. 1400,"Portland, OR 97204",(503) 326-3386,313 Hart Senate Office Building,(202) 224-3753,http://www.merkley.senate.gov/contact/,http://www.merkley.senate.gov,Class II,M001176,OR_Merkley.jpg (https://dl.airtable.com/1LEs3uf3TqGp0EfS9aMw_OR_Merkley.jpg)
OR,Wyden (D-OR),Wyden,Ron,D,911 NE 11th Ave.,Suite 630,"Portland, OR, 97232",(503) 326-7525,221 Dirksen Senate Office Building,(202) 224-5244,https://www.wyden.senate.gov/contact/,http://www.wyden.senate.gov/,Class III,W000779,OR_Wyden.jpg (https://dl.airtable.com/8ITzPdMSQze5rtTnGX4a_OR_Wyden.jpg)
PA,Casey (D-PA),Casey,"Robert P., Jr.",D,2000 Market Street,Suite 610,"Philadelphia, PA 19103",(215) 405-9660,393 Russell Senate Office Building,(202) 224-6324,https://www.casey.senate.gov/contact/,http://www.casey.senate.gov/,Class I,C001070,PA_Casey.jpg (https://dl.airtable.com/ngZrW2lsQaOZ5XBfIadE_PA_Casey.jpg)
PA,Toomey (R-PA),Toomey,Patrick J.,R,"United States Federal Building, 17 South Park Row",Suite B-120,"Erie, PA 16501",(814) 453-3010,248 Russell Senate Office Building,(202) 224-4254,https://www.toomey.senate.gov/?p=contact,http://www.toomey.senate.gov/,Class III,T000461,PA_Toomey.jpg (https://dl.airtable.com/ge8FxwRo6ms2AkY4MVQX_PA_Toomey.jpg)
RI,Reed (D-RI),Reed,Jack,D,1000 Chapel View Boulevard,Suite 290,"Cranston, RI 02920-5602",(401) 943-3100,728 Hart Senate Office Building,(202) 224-4642,https://www.reed.senate.gov/contact/,http://www.reed.senate.gov/,Class II,R000122,RI_Reed.jpg (https://dl.airtable.com/Z1xA8IA4RtuTqjRMudCS_RI_Reed.jpg)
RI,Whitehouse (D-RI),Whitehouse,Sheldon,D,170 Westminster St.,Ste. 200,"Providence, RI 02903",(401) 453-5294,530 Hart Senate Office Building,(202) 224-2921,https://www.whitehouse.senate.gov/contact/,http://www.whitehouse.senate.gov/,Class I,W000802,RI_Whitehouse.jpg (https://dl.airtable.com/7WBnSRnTQry9MBJn9Bsm_RI_Whitehouse.jpg)
SC,Graham (R-SC),Graham,Lindsey,R,130 South Main Street,7th Floor,"Greenville, SC 29601",(864) 250-1417,290 Russell Senate Office Building,(202) 224-5972,https://www.lgraham.senate.gov/public/index.cfm/e-mail-senator-graham,http://www.lgraham.senate.gov/,Class II,G000359,SC_Graham.jpg (https://dl.airtable.com/2pKkKeEdTIiFlfMZ1du5_SC_Graham.jpg)
SC,Scott (R-SC),Scott,Tim,R,1301 Gervais Street,Suite 825,"Columbia, SC 29201",(803) 771-6112,520 Hart Senate Office Building,(202) 224-6121,https://www.scott.senate.gov/contact/email-me,http://www.scott.senate.gov/,Class III,S001184,SC_Scott.jpg (https://dl.airtable.com/xTZ8USMrTy6NDW1MFGMX_SC_Scott.jpg)
SD,Rounds (R-SD),Rounds,Mike,R,"111 W Capitol Ave., Suite 210",P.O.Box 309,"Pierre, SD 57501",(605) 224-1450,502 Hart Senate Office Building,(202) 224-5842,https://www.rounds.senate.gov/contact/email-mike,http://www.rounds.senate.gov,Class II,R000605,SD_Rounds.jpg (https://dl.airtable.com/K9Sg92SFmskzmd42EwgQ_SD_Rounds.jpg)
SD,Thune (R-SD),Thune,John,R,246 Founders Park Drive,Suite 102,"Rapid City, SD 57701",(605) 348-7551,511 Dirksen Senate Office Building,(202) 224-2321,http://www.thune.senate.gov/public/index.cfm/contact,http://www.thune.senate.gov/,Class III,T000250,SD_Thune.jpg (https://dl.airtable.com/ZjmDCTrSfqSDIcUQHECQ_SD_Thune.jpg)
TN,Alexander (R-TN),Alexander,Lamar,R,"Joel E. Soloman Federal Building, 900 Georgia Avenue",#260,"Chattanooga, TN 37402",(423) 752-5337,455 Dirksen Senate Office Building,(202) 224-4944,http://www.alexander.senate.gov/public/index.cfm?p=Email,http://www.alexander.senate.gov/,Class II,A000360,TN_Alexander.jpg (https://dl.airtable.com/rsUFthlQOW2X8FILh5pJ_TN_Alexander.jpg)
TN,Corker (R-TN),Corker,Bob,R,100 Peabody Place,Suite 1125,"Memphis, TN 38103",(901) 683-1910,425 Dirksen Senate Office Building,(202) 224-3344,https://www.corker.senate.gov/public/index.cfm/emailme,http://www.corker.senate.gov/,Class I,C001071,TN_Corker.jpg (https://dl.airtable.com/afOcmTeQwGu9x2mEYaV7_TN_Corker.jpg)
TX,Cornyn (R-TX),Cornyn,John,R,5300 Memorial Drive,Suite 980,"Houston, TX 77007",(713) 572-3337,517 Hart Senate Office Building,(202) 224-2934,https://www.cornyn.senate.gov/contact,http://www.cornyn.senate.gov/,Class II,C001056,TX_Cornyn.jpg (https://dl.airtable.com/tOtqJwpSOxYaiwCxRgaQ_TX_Cornyn.jpg)
TX,Cruz (R-TX),Cruz,Ted,R,300 E 8th,Suite 961,"Austin, TX 78701",(512) 916-5834,404 Russell Senate Office Building,(202) 224-5922,http://www.cruz.senate.gov/?p=email_senator,http://www.cruz.senate.gov,Class I,C001098,TX_Cruz.jpg (https://dl.airtable.com/aWEmqjGRqOK8OHngNZai_TX_Cruz.jpg)
UT,Hatch (R-UT),Hatch,Orrin G.,R,77 N. Main Street,Suite 112,"Cedar City, UT 84720",(435) 586-8435,104 Hart Senate Office Building,(202) 224-5251,http://www.hatch.senate.gov/public/index.cfm/contact?p=Email-Orrin,http://www.hatch.senate.gov/,Class I,H000338,UT_Hatch.jpg (https://dl.airtable.com/PqSwysU0RDeaT6fUkQDo_UT_Hatch.jpg)
UT,Lee (R-UT),Lee,Mike,R,"James V. Hansen Federal Building, 324 25th Street",Suite 1410,"Ogden, Utah 84401",(801) 392-9633,361A Russell Senate Office Building,(202) 224-5444,https://www.lee.senate.gov/public/index.cfm/contact,http://www.lee.senate.gov/,Class III,L000577,UT_Lee.jpeg (https://dl.airtable.com/RXj4wfYQRtm8mpcB9yPA_UT_Lee.jpeg)
VA,Kaine (D-VA),Kaine,Tim,D,919 East Main Street,Suite 970,"Richmond, VA 23219",(804) 771-2221,231 Russell Senate Office Building,(202) 224-4024,https://www.kaine.senate.gov/contact,http://www.kaine.senate.gov/,Class I,K000384,VA_Kaine.jpg (https://dl.airtable.com/O5ciNnw9QxK1tqi8Dm91_VA_Kaine.jpg)
VA,Warner (D-VA),Warner,Mark R.,D,180 West Main Street,"Abingdon, VA 24210",,(276) 628-8158,475 Russell Senate Office Building,(202) 224-2023,http://www.warner.senate.gov/public/index.cfm?p=Contact,http://www.warner.senate.gov,Class II,W000805,VA_Warner.jpg (https://dl.airtable.com/x3yms1IxQiK7Va1Jbi2r_VA_Warner.jpg)
VT,Leahy (D-VT),Leahy,Patrick J.,D,199 Main Street,4th Floor,"Burlington, VT 05401",(802) 863-2525,437 Russell Senate Office Building,(202) 224-4242,https://www.leahy.senate.gov/contact/,http://www.leahy.senate.gov/,Class III,L000174,VT_Leahy.jpg (https://dl.airtable.com/EaIBLywKQiqhWDMnP7Sc_VT_Leahy.jpg)
VT,Sanders (I-VT),Sanders,Bernard,I,1 Church St,3rd Floor,"Burlington, VT 05401",(802) 862-0697,332 Dirksen Senate Office Building,(202) 224-5141,http://www.sanders.senate.gov/contact/,http://www.sanders.senate.gov/,Class I,S000033,VT_Sanders.jpg (https://dl.airtable.com/AfJdIheTr6Hmh9EVyRLg_VT_Sanders.jpg)
WA,Cantwell (D-WA),Cantwell,Maria,D,915 Second Avenue,Suite 3206,"Seattle, WA 98174",(206) 220-6400,511 Hart Senate Office Building,(202) 224-3441,http://www.cantwell.senate.gov/public/index.cfm/email-maria,http://www.cantwell.senate.gov,Class I,C000127,WA_Cantwell.jpg (https://dl.airtable.com/EmQR7LgASSaq8nD2LFL3_WA_Cantwell.jpg)
WA,Murray (D-WA),Murray,Patty,D,2930 Wetmore Avenue,Ste. 9D,"Everett, Washington 98201",(425) 259-6515,154 Russell Senate Office Building,(202) 224-2621,http://www.murray.senate.gov/public/index.cfm/contactme,http://www.murray.senate.gov/,Class III,M001111,WA_Murray.jpg (https://dl.airtable.com/ZFt0mPSSz6FtHaPaSCYQ_WA_Murray.jpg)
WI,Baldwin (D-WI),Baldwin,Tammy,D,402 Graham Street,Suite 206,"Eau Claire, WI 54701-2633",(715) 832-8424,717 Hart Senate Office Building,(202) 224-5653,https://www.baldwin.senate.gov/feedback,http://www.baldwin.senate.gov/,Class I,B001230,WI_Baldwin.jpg (https://dl.airtable.com/mxWhml4LQOGUroUYlshH_WI_Baldwin.jpg)
WI,Johnson (R-WI),Johnson,Ron,R,517 East Wisconsin Avenue,Suite 408,"Milwaukee, WI 53202",(414) 276-7282,328 Hart Senate Office Building,(202) 224-5323,https://www.ronjohnson.senate.gov/public/index.cfm/email-the-senator,http://www.ronjohnson.senate.gov/,Class III,J000293,WI_Johnson.jpg (https://dl.airtable.com/Zjzg0xeTIGLhWM1kc3qA_WI_Johnson.jpg)
WV,Capito (R-WV),Capito,Shelley Moore,R,500 Virginia Street East,Suite 950,"Charleston, WV 25301",(304) 347-5372,172 Russell Senate Office Building,(202) 224-6472,https://www.capito.senate.gov/contact/contact-shelley,http://www.capito.senate.gov,Class II,C001047,WV_Capito.png (https://dl.airtable.com/V6FAzyoYRdmZVbjQBGi8_WV_Capito.png)
WV,Manchin (D-WV),Manchin,"Joe, III",D,900 Pennsylvania Avenue,Suite 629,"Charleston, WV 25302",(304) 342-5855,306 Hart Senate Office Building,(202) 224-3954,http://www.manchin.senate.gov/public/index.cfm/contact-form,http://www.manchin.senate.gov/,Class I,M001183,WV_Manchin.jpg (https://dl.airtable.com/y62RzqBdTWWBZrzLU1Bt_WV_Manchin.jpg)
WY,Barrasso (R-WY),Barrasso,John,R,100 East B Street,Suite 2201,"Casper, WY 82601",(307) 261-6413,307 Dirksen Senate Office Building,(202) 224-6441,https://www.barrasso.senate.gov/public/index.cfm/contact-form,http://www.barrasso.senate.gov,Class I,B001261,WY_Barrasso.jpg (https://dl.airtable.com/8geyOtUaRcS3kaafly6f_WY_Barrasso.jpg)
WY,Enzi (R-WY),"Enzi
",Michael B.,R,Dick Cheney Federal Building,"100 East B Street, Suite 3201","Casper, WY 82601",(307) 261-6572,379A Russell Senate Office Building,(202) 224-3424,http://www.enzi.senate.gov/public/index.cfm/contact?p=e-mail-senator-enzi,http://www.enzi.senate.gov,Class II,"E000285
",WY_Enzi.jpg (https://dl.airtable.com/avSEU2sqSFuGofxlRrFm_WY_Enzi.jpg)